{"cameraMode":{"drawMode":0,"name":"Shaded","section":"Shading Mode"},"sceneLighting":false,"audioPlay":false,"sceneViewState":{"showFog":true,"showMaterialUpdate":false,"showSkybox":false,"showFlares":true,"showImageEffects":true,"showParticleSystems":true,"showVisualEffectGraphs":true,"m_FxEnabled":true},"in2DMode":false,"pivot":{"x":0.06730708479881287,"y":2.88132381439209,"z":0.3527771830558777},"rotation":{"x":0.008417343720793724,"y":-0.7051430940628052,"z":-0.010684800334274769,"w":-0.7094085216522217},"size":5.032735824584961,"orthographic":false}