{"cameraMode":{"drawMode":0,"name":"Shaded","section":"Shading Mode"},"sceneLighting":true,"audioPlay":false,"sceneViewState":{"showFog":true,"showMaterialUpdate":false,"showSkybox":true,"showFlares":true,"showImageEffects":true,"showParticleSystems":true,"showVisualEffectGraphs":true,"m_FxEnabled":true},"in2DMode":false,"pivot":{"x":-3.6945126056671144,"y":3.128481864929199,"z":-1.2194591760635377},"rotation":{"x":-0.0036017820239067079,"y":0.9800180196762085,"z":-0.19846288859844209,"w":-0.01733100414276123},"size":4.603054046630859,"orthographic":false}