{"cameraMode":{"drawMode":0,"name":"Shaded","section":"Shading Mode"},"sceneLighting":true,"audioPlay":false,"sceneViewState":{"showFog":true,"showMaterialUpdate":false,"showSkybox":true,"showFlares":true,"showImageEffects":true,"showParticleSystems":true,"showVisualEffectGraphs":true,"m_FxEnabled":true},"in2DMode":false,"pivot":{"x":-3.741466522216797,"y":4.476447582244873,"z":-1.4480799436569214},"rotation":{"x":0.0026244977489113809,"y":0.9960862398147583,"z":-0.031696099787950519,"w":0.0826643705368042},"size":5.107395172119141,"orthographic":false}