{"cameraMode":{"drawMode":0,"name":"Shaded","section":"Shading Mode"},"sceneLighting":true,"audioPlay":false,"sceneViewState":{"showFog":true,"showMaterialUpdate":false,"showSkybox":true,"showFlares":true,"showImageEffects":true,"showParticleSystems":true,"showVisualEffectGraphs":true,"m_FxEnabled":true},"in2DMode":false,"pivot":{"x":378.0035095214844,"y":0.5118552446365356,"z":849.590576171875},"rotation":{"x":0.004037962295114994,"y":0.9865633845329285,"z":-0.16273266077041627,"w":0.015500457026064396},"size":2.7664430141448976,"orthographic":false}