{"cameraMode":{"drawMode":0,"name":"Shaded","section":"Shading Mode"},"sceneLighting":true,"audioPlay":false,"sceneViewState":{"showFog":true,"showMaterialUpdate":false,"showSkybox":true,"showFlares":true,"showImageEffects":true,"showParticleSystems":true,"showVisualEffectGraphs":true,"m_FxEnabled":true},"in2DMode":false,"pivot":{"x":-4.186698913574219,"y":1.5439552068710328,"z":4.1054229736328129},"rotation":{"x":-0.050502851605415347,"y":-0.9471057653427124,"z":0.18586978316307069,"w":-0.2569013833999634},"size":1.8678096532821656,"orthographic":false}