{"cameraMode":{"drawMode":0,"name":"Shaded","section":"Shading Mode"},"sceneLighting":true,"audioPlay":false,"sceneViewState":{"showFog":true,"showMaterialUpdate":false,"showSkybox":true,"showFlares":true,"showImageEffects":true,"showParticleSystems":true,"showVisualEffectGraphs":true,"m_FxEnabled":true},"in2DMode":false,"pivot":{"x":252.85626220703126,"y":3.4964983463287355,"z":181.31776428222657},"rotation":{"x":0.0040356190875172619,"y":-0.9597294330596924,"z":0.281205415725708,"w":0.018287984654307367},"size":2.4784650802612306,"orthographic":false}